{"P": [[6e+20, 6e+17], [6.662349377429264e+21, 6e+17], [6.662349377429264e+21, 3.81330252620418e+18], [6.662953711519016e+21, 3.81330252620418e+18], [6.662953711519016e+21, 3.813477661456723e+18]], "fun": [242.92607626113954, 101.69395355260203, 60.35123621878509, 60.35064443644732, 60.349287297386994], "brackets": [[[6e+20, 6e+17], [2.54e+21, 6e+17], [1.0299999999999999e+22, 6e+17]], [[6.662349377429264e+21, 6e+17], [6.662349377429264e+21, 1.74e+18], [6.662349377429264e+21, 6.3e+18]], [[3.9948192529151175e+21, 3.81330252620418e+18], [6.662349377429264e+21, 3.81330252620418e+18], [7.996114439686338e+21, 3.81330252620418e+18]], [[6.662953711519016e+21, 2.175963031445016e+18], [6.662953711519016e+21, 3.81330252620418e+18], [6.662953711519016e+21, 4.631972273583761e+18]]]}