{"P": [[6e+20, 6e+17], [6.764152511876408e+21, 6e+17], [6.764152511876408e+21, 3.193588510170431e+18], [6.471733249747328e+21, 3.193588510170431e+18], [6.471733249747328e+21, 4.0742296591533875e+18]], "fun": [230.68247984313183, 82.88850305362932, 45.11561861179703, 43.44234315407713, 41.4490223302335], "brackets": [[[6e+20, 6e+17], [2.54e+21, 6e+17], [1.0299999999999999e+22, 6e+17]], [[6.764152511876408e+21, 6e+17], [6.764152511876408e+21, 1.74e+18], [6.764152511876408e+21, 6.3e+18]], [[4.1169830142516894e+21, 3.193588510170431e+18], [6.764152511876408e+21, 3.193588510170431e+18], [8.087737260688767e+21, 3.193588510170431e+18]], [[6.471733249747328e+21, 3.193588510170431e+18], [6.471733249747328e+21, 4.0742296591533875e+18], [6.471733249747328e+21, 5.835511957119302e+18]]]}