{"P": [[6e+20, 6e+17], [6.203775010796735e+21, 6e+17], [6.203775010796735e+21, 4.55823498869952e+18], [5.573315172022813e+21, 4.55823498869952e+18], [5.573315172022813e+21, 4.603853677234155e+18], [5.575864791350539e+21, 4.603669192382242e+18]], "fun": [208.0313524585842, 38.57385125671174, 8.540182754584071, 8.044946038171812, 7.9721262483724225, 7.96941619516226], "brackets": [[[6e+20, 6e+17], [2.54e+21, 6e+17], [1.0299999999999999e+22, 6e+17]], [[6.203775010796735e+21, 6e+17], [6.203775010796735e+21, 1.74e+18], [6.203775010796735e+21, 6.3e+18]], [[3.4445300129560815e+21, 4.55823498869952e+18], [6.203775010796735e+21, 4.55823498869952e+18], [7.583397509717061e+21, 4.55823498869952e+18]], [[5.573315172022813e+21, 3.069881986439424e+18], [5.573315172022813e+21, 4.55823498869952e+18], [5.573315172022813e+21, 5.302411489829569e+18]], [[6.647978206427376e+21, 4.526093421574528e+18], [5.573315172022813e+21, 4.603853677234155e+18], [5.035983654820532e+21, 4.642733805063969e+18]]]}