{"P": [[6e+20, 6e+17, 0.0, 0.0], [2.668e+21, 6e+17, 0.0, 0.0], [2.668e+21, 2.419263367132899e+19, 0.0, 0.0], [2.668e+21, 2.419263367132899e+19, 0.5876009325886887, 0.0], [2.668e+21, 2.419263367132899e+19, 0.5876009325886887, 6.633436854000504], [4.442344e+21, 2.419263367132899e+19, 0.5876009325886887, 6.633436854000504], [4.442344e+21, 4.282889604458062e+19, 0.5876009325886887, 6.633436854000504], [4.442344e+21, 4.282889604458062e+19, 1.0235157876460408, 6.633436854000504], [4.442344e+21, 4.282889604458062e+19, 1.0235157876460408, 10.106749483200403], [4.064513766364223e+21, 4.282889604458062e+19, 1.0235157876460408, 10.106749483200403], [4.064513766364223e+21, 5.23865387819615e+19, 1.0235157876460408, 10.106749483200403], [4.064513766364223e+21, 5.23865387819615e+19, 0.44410665202439925, 10.106749483200403], [4.064513766364223e+21, 5.23865387819615e+19, 0.44410665202439925, 10.368390269700276]], "fun": [242.6346206237355, 125.91641866569444, 55.77632953638182, 55.57717847714721, 26.14835124138439, 15.033378453084367, 11.37216787665022, 10.937521638058643, 10.641268945188918, 10.51933216708421, 9.74122728767399, 9.66259460898037, 9.65383741427409], "brackets": [[[3.608e+21, 6e+17, 0.0, 0.0], [4.548e+21, 6e+17, 0.0, 0.0], [6.428e+21, 6e+17, 0.0, 0.0]], [[2.668e+21, 2.419263367132899e+19, 0.0, 0.0], [2.668e+21, 1.2413263367132899e+20, 0.0, 0.0], [2.668e+21, 2.24072633671329e+20, 0.0, 0.0]], [[2.668e+21, 2.419263367132899e+19, -0.6123990674113112, 0.0], [2.668e+21, 2.419263367132899e+19, 0.5876009325886887, 0.0], [2.668e+21, 2.419263367132899e+19, 1.7876009325886888, 0.0]], [[2.668e+21, 2.419263367132899e+19, 0.5876009325886887, 9.033436854000504], [2.668e+21, 2.419263367132899e+19, 0.5876009325886887, 11.433436854000504], [2.668e+21, 2.419263367132899e+19, 0.5876009325886887, 16.2334368540005]], [[5.175543999999999e+21, 2.419263367132899e+19, 0.5876009325886887, 6.633436854000504], [5.908744e+21, 2.419263367132899e+19, 0.5876009325886887, 6.633436854000504], [7.375144e+21, 2.419263367132899e+19, 0.5876009325886887, 6.633436854000504]], [[4.442344e+21, -5.475184058828648e+19, 0.5876009325886887, 6.633436854000504], [4.442344e+21, 4.282889604458062e+19, 0.5876009325886887, 6.633436854000504], [4.442344e+21, 1.4040963267744771e+20, 0.5876009325886887, 6.633436854000504]], [[4.442344e+21, 4.282889604458062e+19, 1.0235157876460408, 6.633436854000504], [4.442344e+21, 4.282889604458062e+19, 2.164755694387172, 6.633436854000504], [4.442344e+21, 4.282889604458062e+19, 3.305995601128303, 6.633436854000504]], [[4.442344e+21, 4.282889604458062e+19, 1.0235157876460408, 12.2533747416002], [4.442344e+21, 4.282889604458062e+19, 1.0235157876460408, 14.4], [4.442344e+21, 4.282889604458062e+19, 1.0235157876460408, 15.4733126291999]], [[2.397216966364223e+21, 4.282889604458062e+19, 1.0235157876460408, 10.106749483200403], [3.508748166364223e+21, 4.282889604458062e+19, 1.0235157876460408, 10.106749483200403], [4.064513766364223e+21, 4.282889604458062e+19, 1.0235157876460408, 10.106749483200403]], [[4.064513766364223e+21, -4.333057161358044e+19, 1.0235157876460408, 10.106749483200403], [4.064513766364223e+21, 5.23865387819615e+19, 1.0235157876460408, 10.106749483200403], [4.064513766364223e+21, 1.4810364917750347e+20, 1.0235157876460408, 10.106749483200403]], [[4.064513766364223e+21, 5.23865387819615e+19, -0.6535417692109966, 10.106749483200403], [4.064513766364223e+21, 5.23865387819615e+19, 0.44410665202439925, 10.106749483200403], [4.064513766364223e+21, 5.23865387819615e+19, 1.541755073259795, 10.106749483200403]], [[4.064513766364223e+21, 5.23865387819615e+19, 0.44410665202439925, 10.368390269700276], [4.064513766364223e+21, 5.23865387819615e+19, 0.44410665202439925, 10.557715321380236], [4.064513766364223e+21, 5.23865387819615e+19, 0.44410665202439925, 10.747040373060196]]], "allP": [[6e+20, 6e+17, 0.0, 0.0], [6e+20, 6e+17, 0.0, 0.0], [1.54e+21, 6e+17, 0.0, 0.0], [2.48e+21, 6e+17, 0.0, 0.0], [4.36e+21, 6e+17, 0.0, 0.0], [2.48e+21, 6e+17, 0.0, 0.0], [3.1980961011501975e+21, 6e+17, 0.0, 0.0], [2.1209519494249012e+21, 6e+17, 0.0, 0.0], [2.668e+21, 6e+17, 0.0, 0.0], [2.8748e+21, 6e+17, 0.0, 0.0], [2.668e+21, 6e+17, 0.0, 0.0], [2.668e+21, 1.0054e+20, 0.0, 0.0], [2.668e+21, 2.0048e+20, 0.0, 0.0], [2.668e+21, 1.0054e+20, 0.0, 0.0], [2.668e+21, 6.2366316835664495e+19, 0.0, 0.0], [2.668e+21, 3.877368316433551e+19, 0.0, 0.0], [2.668e+21, 2.419263367132899e+19, 0.0, 0.0], [2.668e+21, 1.5181049493006533e+19, 0.0, 0.0], [2.668e+21, 2.02864602543569e+19, 0.0, 0.0], [2.668e+21, 2.9762098986013057e+19, 0.0, 0.0], [2.668e+21, 2.6551897038461886e+19, 0.0, 0.0], [2.668e+21, 2.419263367132899e+19, -1e-30, 0.0], [2.668e+21, 2.419263367132899e+19, 1.2, 0.0], [2.668e+21, 2.419263367132899e+19, -1.2, 0.0], [2.668e+21, 2.419263367132899e+19, -1e-30, 0.0], [2.668e+21, 2.419263367132899e+19, 0.4583592135001261, 0.0], [2.668e+21, 2.419263367132899e+19, 0.7416407864998737, 0.0], [2.668e+21, 2.419263367132899e+19, 0.9167184270002523, 0.0], [2.668e+21, 2.419263367132899e+19, 0.6674767077498864, 0.0], [2.668e+21, 2.419263367132899e+19, 0.5876009325886887, 0.0], [2.668e+21, 2.419263367132899e+19, 0.5288408392298198, 0.0], [2.668e+21, 2.419263367132899e+19, 0.5876009325886887, -1e-30], [2.668e+21, 2.419263367132899e+19, 0.5876009325886887, 1.2], [2.668e+21, 2.419263367132899e+19, 0.5876009325886887, 2.4], [2.668e+21, 2.419263367132899e+19, 0.5876009325886887, 4.8], [2.668e+21, 2.419263367132899e+19, 0.5876009325886887, 9.6], [2.668e+21, 2.419263367132899e+19, 0.5876009325886887, 4.8], [2.668e+21, 2.419263367132899e+19, 0.5876009325886887, 6.633436854000504], [2.668e+21, 2.419263367132899e+19, 0.5876009325886887, 7.766563145999495], [2.668e+21, 2.419263367132899e+19, 0.5876009325886887, 5.970093168500453], [4.736e+21, 4.778526734265798e+19, 1.1752018651773775, 13.266873708001008], [2.668e+21, 2.419263367132899e+19, 0.5876009325886887, 6.633436854000504], [3.4012e+21, 2.419263367132899e+19, 0.5876009325886887, 6.633436854000504], [4.1344e+21, 2.419263367132899e+19, 0.5876009325886887, 6.633436854000504], [5.6008e+21, 2.419263367132899e+19, 0.5876009325886887, 6.633436854000504], [4.1344e+21, 2.419263367132899e+19, 0.5876009325886887, 6.633436854000504], [4.694514958897154e+21, 2.419263367132899e+19, 0.5876009325886887, 6.633436854000504], [3.854342520551423e+21, 2.419263367132899e+19, 0.5876009325886887, 6.633436854000504], [4.28104e+21, 2.419263367132899e+19, 0.5876009325886887, 6.633436854000504], [4.442344e+21, 2.419263367132899e+19, 0.5876009325886887, 6.633436854000504], [4.442344e+21, 2.419263367132899e+19, 0.5876009325886887, 6.633436854000504], [4.442344e+21, 1.2177337030419608e+20, 0.5876009325886887, 6.633436854000504], [4.442344e+21, -7.3388102961538105e+19, 0.5876009325886887, 6.633436854000504], [4.442344e+21, 2.419263367132899e+19, 0.5876009325886887, 6.633436854000504], [4.442344e+21, 6.146515841783225e+19, 0.5876009325886887, 6.633436854000504], [4.442344e+21, -1.3079891075174269e+19, 0.5876009325886887, 6.633436854000504], [4.442344e+21, 4.282889604458062e+19, 0.5876009325886887, 6.633436854000504], [4.442344e+21, 3.8019267574372205e+19, 0.5876009325886887, 6.633436854000504], [4.442344e+21, 4.469252228190578e+19, 0.5876009325886887, 6.633436854000504], [4.442344e+21, 4.096526980725545e+19, 0.5876009325886887, 6.633436854000504], [4.442344e+21, 4.282889604458062e+19, 0.5876009325886887, 6.633436854000504], [4.442344e+21, 4.282889604458062e+19, 1.7288408393298198, 6.633436854000504], [4.442344e+21, 4.282889604458062e+19, 2.870080746070951, 6.633436854000504], [4.442344e+21, 4.282889604458062e+19, 1.7288408393298198, 6.633436854000504], [4.442344e+21, 4.282889604458062e+19, 1.2929259842724683, 6.633436854000504], [4.442344e+21, 4.282889604458062e+19, 1.0235157876460408, 6.633436854000504], [4.442344e+21, 4.282889604458062e+19, 1.1207562175399686, 6.633436854000504], [4.442344e+21, 4.282889604458062e+19, 0.8570111292151164, 6.633436854000504], [4.442344e+21, 4.282889604458062e+19, 