{"P": [[6e+20, 6e+17], [9.86755002159347e+21, 6e+17], [9.86755002159347e+21, 6.176501130047962e+16], [1.0345939416297513e+22, 6.176501130047962e+16], [1.0345939416297513e+22, 6.1607171212678056e+16], [1.0399739652005727e+22, 6.1607171212678056e+16], [1.0399739652005727e+22, 6.1607171212678056e+16]], "fun": [111.02907225333098, 2.9861114110859535, 0.08142160009941156, 0.04516583621414141, 0.04503612045737261, 0.043815104886375446, 0.043815104886375446], "brackets": [[[9.86755002159347e+21, 6e+17], [1.180755002159347e+22, 6e+17], [2.7327550021593467e+22, 6e+17]], [[9.86755002159347e+21, -2.2182349886995205e+18], [9.86755002159347e+21, 6.176501130047962e+16], [9.86755002159347e+21, 1.2017650113004795e+18]], [[8.319449420616207e+21, 6.176501130047962e+16], [1.0345939416297513e+22, 6.176501130047962e+16], [1.1359184414138165e+22, 6.176501130047962e+16]], [[1.0345939416297513e+22, -2.326039826527226e+18], [1.0345939416297513e+22, 6.1607171212678056e+16], [1.0345939416297513e+22, 1.2554306700826301e+18]], [[8.46892753526523e+21, 6.1607171212678056e+16], [1.0399739652005727e+22, 6.1607171212678056e+16], [1.1365145710375977e+22, 6.1607171212678056e+16]], [[1.0399739652005727e+22, -2.3260713945447864e+18], [1.0399739652005727e+22, 6.1607171212678056e+16], [1.0399739652005727e+22, 1.2554464540914104e+18]]], "nFunEval": [1, 12, 24, 35, 59, 75, 99], "nSim": [1, 12, 21, 31, 51, 67, 87], "nExcept": [0, 0, 0, 0, 0, 0, 0]}