{"P": [[6e+20, 6e+17], [6.533908059233985e+21, 6e+17], [6.533908059233985e+21, 2.811970756215263e+18], [5.718610332058095e+21, 2.811970756215263e+18], [5.718610332058095e+21, 4.432676656893292e+18], [4.3700588221391197e+21, 4.432676656893292e+18], [4.3700588221391197e+21, 5.767501053845218e+18], [4.3726211089553173e+21, 5.767501053845218e+18], [4.3726211089553173e+21, 5.76813251257537e+18]], "fun": [1e+30, 6.83076455851236, 2.2660474436956126, 1.6777384760550966, 1.5237291629395846, 1.4461139171814104, 1.3361912493389672, 1.3357857874442876, 1.3357035260476948], "brackets": [[[6e+20, 6e+17], [2.54e+21, 6e+17], [1.0299999999999999e+22, 6e+17]], [[6.533908059233985e+21, 6e+17], [6.533908059233985e+21, 1.74e+18], [6.533908059233985e+21, 4.02e+18]], [[3.8406896710807815e+21, 2.811970756215263e+18], [6.533908059233985e+21, 2.811970756215263e+18], [7.880517253310586e+21, 2.811970756215263e+18]], [[5.718610332058095e+21, 2.811970756215263e+18], [5.718610332058095e+21, 3.7307736805937367e+18], [5.718610332058095e+21, 5.568379529350685e+18]], [[2.862332398469714e+21, 4.432676656893292e+18], [5.718610332058095e+21, 4.432676656893292e+18], [7.146749298852286e+21, 4.432676656893292e+18]], [[4.3700588221391197e+21, 4.432676656893292e+18], [4.3700588221391197e+21, 5.189408991203963e+18], [4.3700588221391197e+21, 6.702873659825304e+18]], [[1.2440705865669437e+21, 5.767501053845218e+18], [4.3700588221391197e+21, 5.767501053845218e+18], [5.933052939925207e+21, 5.767501053845218e+18]], [[4.3726211089553173e+21, 4.521001264614262e+18], [4.3726211089553173e+21, 5.767501053845218e+18], [4.3726211089553173e+21, 6.390750948460697e+18]]]}