{"P": [[6e+20, 6e+17, 0.0, 0.0], [6.662349377429264e+21, 6e+17, 0.0, 0.0], [6.662349377429264e+21, 3.813290997848981e+18, 0.0, 0.0], [6.662349377429264e+21, 3.813290997848981e+18, -0.0007211242247918969, 0.0], [6.662349377429264e+21, 3.813290997848981e+18, -0.0007211242247918969, 3.772666813764911], [6.663489904918494e+21, 3.813290997848981e+18, -0.0007211242247918969, 3.772666813764911], [6.663489904918494e+21, 9.185659875464741e+18, -0.0007211242247918969, 3.772666813764911], [6.663489904918494e+21, 9.185659875464741e+18, -0.038185333519592336, 3.772666813764911], [6.663489904918494e+21, 9.185659875464741e+18, -0.038185333519592336, 4.510513885685649], [6.202001677728152e+21, 9.185659875464741e+18, -0.038185333519592336, 4.510513885685649], [6.202001677728152e+21, 1.163045397857312e+19, -0.038185333519592336, 4.510513885685649], [6.202001677728152e+21, 1.163045397857312e+19, -0.05963413417793399, 4.510513885685649], [6.202001677728152e+21, 1.163045397857312e+19, -0.05963413417793399, 4.564918122363618], [6.238305915356976e+21, 1.163045397857312e+19, -0.05963413417793399, 4.564918122363618], [6.238305915356976e+21, 1.163185404207569e+19, -0.05963413417793399, 4.564918122363618], [6.238305915356976e+21, 1.163185404207569e+19, -0.05963413417793399, 4.564918122363618], [6.238305915356976e+21, 1.163185404207569e+19, -0.05963413417793399, 4.573690509613838]], "fun": [242.92500206570855, 101.6900724669011, 60.347352491957366, 60.34131815893789, 48.781413137573686, 48.78137694875223, 29.334046115436674, 29.065224492936235, 27.478292412570784, 26.732449850026157, 23.480836607009344, 23.426894347267982, 23.421205690857413, 23.393036574107526, 23.391279053432743, 23.391279053432743, 23.390425936545086], "brackets": [[[6.662349377429264e+21, 6e+17, 0.0, 0.0], [8.602349377429264e+21, 6e+17, 0.0, 0.0], [1.6362349377429264e+22, 6e+17, 0.0, 0.0]], [[6.662349377429264e+21, 3.813290997848981e+18, 0.0, 0.0], [6.662349377429264e+21, 4.953290997848982e+18, 0.0, 0.0], [6.662349377429264e+21, 9.513290997848982e+18, 0.0, 0.0]], [[6.662349377429264e+21, 3.813290997848981e+18, -1.000721124224792, 0.0], [6.662349377429264e+21, 3.813290997848981e+18, -0.0007211242247918969, 0.0], [6.662349377429264e+21, 3.813290997848981e+18, 0.49927887577520813, 0.0]], [[6.662349377429264e+21, 3.813290997848981e+18, -0.0007211242247918969, 3.772666813764911], [6.662349377429264e+21, 3.813290997848981e+18, -0.0007211242247918969, 4.272666813764911], [6.662349377429264e+21, 3.813290997848981e+18, -0.0007211242247918969, 8.77266681376491]], [[3.9959597804043475e+21, 3.813290997848981e+18, -0.0007211242247918969, 3.772666813764911], [6.663489904918494e+21, 3.813290997848981e+18, -0.0007211242247918969, 3.772666813764911], [7.997254967175568e+21, 3.813290997848981e+18, -0.0007211242247918969, 3.772666813764911]], [[6.663489904918494e+21, 9.185659875464741e+18, -0.0007211242247918969, 3.772666813764911], [6.663489904918494e+21, 1.0004330775679842e+19, -0.0007211242247918969, 3.772666813764911], [6.663489904918494e+21, 1.737236887761576e+19, -0.0007211242247918969, 3.772666813764911]], [[6.663489904918494e+21, 9.185659875464741e+18, -1.0383295583645507, 3.772666813764911], [6.663489904918494e+21, 9.185659875464741e+18, -0.038185333519592336, 3.772666813764911], [6.663489904918494e+21, 9.185659875464741e+18, 0.4618867789028868, 3.772666813764911]], [[6.663489904918494e+21, 9.185659875464741e+18, -0.038185333519592336, 4.510513885685649], [6.663489904918494e+21, 9.185659875464741e+18, -0.038185333519592336, 4.633247204309158], [6.663489904918494e+21, 9.185659875464741e+18, -0.038185333519592336, 5.737847071920738]], [[3.534699658711851e+21, 9.185659875464741e+18, -0.038185333519592336, 4.510513885685649], [6.202001677728152e+21, 9.185659875464741e+18, -0.038185333519592336, 4.510513885685649], [7.535652687236303e+21, 9.185659875464741e+18, -0.038185333519592336, 4.510513885685649]], [[6.202001677728152e+21, 1.163045397857312e+19, -0.038185333519592336, 4.510513885685649], [6.202001677728152e+21, 1.1911887991026645e+19, -0.038185333519592336, 4.510513885685649], [6.202001677728152e+21, 1.4444794103108379e+19, -0.038185333519592336, 4.510513885685649]], [[6.202001677728152e+21, 1.163045397857312e+19, -1.0672712008818526, 4.510513885685649], [6.202001677728152e+21, 1.163045397857312e+19, -0.05963413417793399, 4.510513885685649], [6.202001677728152e+21, 1.163045397857312e+19, 0.44418439917402525, 4.510513885685649]], [[6.202001677728152e+21, 1.163045397857312e+19, -0.05963413417793399, 4.564918122363618], [6.202001677728152e+21, 1.163045397857312e+19, -0.05963413417793399, 4.613866733795054], [6.202001677728152e+21, 1.163045397857312e+19, -0.05963413417793399, 4.711763956657924]], [[3.478706250902607e+21, 1.163045397857312e+19, -0.05963413417793399, 4.564918122363618], [6.238305915356976e+21, 1.163045397857312e+19, -0.05963413417793399, 4.564918122363618], [7.618105747584161e+21, 1.163045397857312e+19, -0.05963413417793399, 4.564918122363618]], [[6.238305915356976e+21, 1.1557944837790314e+19, -0.05963413417793399, 4.564918122363618], [6.238305915356976e+21, 1.163185404207569e+19, -0.05963413417793399, 4.564918122363618], [6.238305915356976e+21, 1.1668808644218378e+19, -0.05963413417793399, 4.564918122363618]], [[6.238305915356976e+21, 1.163185404207569e+19, -1.0715609610135208, 4.564918122363618], [6.238305915356976e+21, 1.163185404207569e+19, -0.05963413417793399, 4.564918122363618], [6.238305915356976e+21, 1.163185404207569e+19, 0.4463292792398594, 4.564918122363618]], [[6.238305915356976e+21, 1.163185404207569e+19, -0.05963413417793399, 4.486674134086562], [6.238305915356976e+21, 1.163185404207569e+19, -0.05963413417793399, 4.573690509613838], [6.238305915356976e+21, 1.163185404207569e+19, -0.05963413417793399, 4.617198697377477]]], "nFunEval": [1, 10, 19, 42, 53, 66, 76, 89, 99, 110, 120, 135, 144, 161, 177, 201, 213], "nSim": [1, 10, 19, 42, 53, 65, 75, 88, 98, 108, 118, 133, 142, 158, 174, 198, 210], "nExcept": [0, 2, 2, 2, 2, 2, 2, 2, 2, 2, 2, 2, 2, 2, 2, 2, 2]}