{"P": [[6e+20, 6e+17], [7.335943752699182e+21, 6e+17], [7.335943752699182e+21, 3.14911749434976e+18], [6.465240723514058e+21, 3.14911749434976e+18], [6.465240723514058e+21, 3.910700485296569e+18], [5.838716651162652e+21, 4.458706017525065e+18], [5.862722062121834e+21, 4.437709062117306e+18], [5.862722062121834e+21, 4.438510175531352e+18]], "fun": [219.47665440836266, 59.637036315597534, 31.123803180106613, 24.30318079130079, 22.691457639501703, 20.755721104058658, 20.7456606273461, 20.742563391426625], "brackets": [[[6e+20, 6e+17], [2.54e+21, 6e+17], [1.0299999999999999e+22, 6e+17]], [[7.335943752699182e+21, 6e+17], [7.335943752699182e+21, 1.74e+18], [7.335943752699182e+21, 4.02e+18]], [[4.803132503239019e+21, 3.14911749434976e+18], [7.335943752699182e+21, 3.14911749434976e+18], [8.602349377429264e+21, 3.14911749434976e+18]], [[6.465240723514058e+21, 1.378940993219712e+18], [6.465240723514058e+21, 3.14911749434976e+18], [6.465240723514058e+21, 4.034205744914784e+18]], [[6.465240723514058e+21, 3.910700485296569e+18], [5.838716651162652e+21, 4.458706017525065e+18], [4.5856685064598407e+21, 5.554717081982058e+18]], [[6.966459981395182e+21, 3.4722960595137715e+18], [5.838716651162652e+21, 4.458706017525065e+18], [5.274844986046387e+21, 4.951910996530713e+18]], [[5.862722062121834e+21, 2.925250874540767e+18], [5.862722062121834e+21, 4.437709062117306e+18], [5.862722062121834e+21, 5.193938155905575e+18]]]}