{"P": [[1.4e+20, 4.5e+18], [4.6251902168147087e+21, 4.5e+18], [4.6251902168147087e+21, 4.874470518176456e+17], [9.807457609733525e+21, 4.874470518176456e+17], [9.807457609733525e+21, 7.031191425265146e+16], [1.1652176261450773e+22, 7.031191425265146e+16], [1.1652176261450773e+22, 6.995126118581181e+16], [1.164775999085074e+22, 6.99521245920198e+16], [1.1652767024506405e+22, 6.99511456882493e+16], [1.1652767024506405e+22, 6.99511456882493e+16]], "fun": [26.64302729689946, 10.79588782765068, 5.357494903572527, 2.4352867286218816, 0.07511890175580549, 0.03248069662568995, 0.021898038460054767, 0.020942544798954493, 0.02053448005462591, 0.02053448005462591], "brackets": [[[7.397190216814709e+21, 4.5e+18], [1.0169190216814708e+22, 4.5e+18], [1.5713190216814708e+22, 4.5e+18]], [[4.6251902168147087e+21, -9.062552948182354e+18], [4.6251902168147087e+21, 4.874470518176456e+17], [4.6251902168147087e+21, 1.0037447051817646e+19]], [[1.1682419566370584e+22, 4.874470518176456e+17], [1.355738152300764e+22, 4.874470518176456e+17], [1.7307305436281758e+22, 4.874470518176456e+17]], [[9.807457609733525e+21, -9.880943380565584e+18], [9.807457609733525e+21, 7.031191425265146e+16], [9.807457609733525e+21, 1.0021567209070885e+19]], [[1.249068473950407e+22, 7.031191425265146e+16], [1.3329193217557363e+22, 7.031191425265146e+16], [1.5006210173663953e+22, 7.031191425265146e+16]], [[1.1652176261450773e+22, -9.923017547388922e+18], [1.1652176261450773e+22, 6.995126118581181e+16], [1.1652176261450773e+22, 1.0062920069760547e+19]], [[1.1412977616995817e+22, 6.999802589143575e+16], [1.164775999085074e+22, 6.99521245920198e+16], [1.1882542364705662e+22, 6.990622329260385e+16]], [[1.1417543023591479e+22, 6.999713332828605e+16], [1.1652767024506405e+22, 6.99511456882493e+16], [1.1887991025421332e+22, 6.990515804821254e+16]], [[1.1652767024506405e+22, -9.923053739742927e+18], [1.1652767024506405e+22, 6.99511456882493e+16], [1.1652767024506405e+22, 1.0062956031119423e+19]]], "allP": [[1.4e+20, 4.5e+18], [1.4e+20, 4.5e+18], [1.526e+21, 4.5e+18], [2.912e+21, 4.5e+18], [5.684e+21, 4.5e+18], [1.1228e+22, 4.5e+18], [5.684e+21, 4.5e+18], [7.801619566370583e+21, 4.5e+18], [4.6251902168147087e+21, 4.5e+18], [4.176671195133238e+21, 4.5e+18], [5.073709238496179e+21, 4.5e+18], [4.6251902168147087e+21, 4.5e+18], [4.6251902168147087e+21, 1.405e+19], [4.6251902168147087e+21, 4.5e+18], [4.6251902168147087e+21, 8.147775407438504e+18], [4.6251902168147087e+21, 8.52224592561496e+17], [4.6251902168147087e+21, 1.926252705666939e+18], [4.6251902168147087e+21, 1.2624668268948588e+18], [4.6251902168147087e+21, 4.874470518176456e+17], [4.6251902168147087e+21, 4.874470518176456e+17], [5.562671195133238e+21, 4.874470518176456e+17], [6.500152173451767e+21, 4.874470518176456e+17], [8.375114130088826e+21, 4.874470518176456e+17], [1.2125038043362941e+22, 4.874470518176456e+17], [8.375114130088826e+21, 4.874470518176456e+17], [9.807457609733525e+21, 4.874470518176456e+17], [1.0692694563718242e+22, 4.874470518176456e+17], [9.289230870441642e+21, 4.874470518176456e+17], [9.807457609733525e+21, 4.874470518176456e+17], [9.807457609733525e+21, 1.043870234663588e+19], [9.807457609733525e+21, 4.874470518176456e+17], [9.807457609733525e+21, 4.288488343710855e+18], [9.807457609733525e+21, 2.38796769776425e+18], [9.807457609733525e+21, 1.2133813422483433e+18], [9.807457609733525e+21, 4.511677483647807e+17], [9.807457609733525e+21, 5253970898084800.0], [9.807457609733525e+21, 2.8084384142435987e+17], [9.807457609733525e+21, 1.7557787783850566e+17], [9.807457609733525e+21, 1.10519934483939e+17], [9.807457609733525e+21, 7.031191425265146e+16], [9.807457609733525e+21, 7.031191425265146e+16], [1.0226711848760172e+22, 7.031191425265146e+16], [1.064596608778682e+22, 7.031191425265146e+16], [1.1484474565840115e+22, 7.031191425265146e+16], [1.3161491521946706e+22, 7.031191425265146e+16], [1.1484474565840115e+22, 7.031191425265146e+16], [1.2125038043362941e+22, 7.031191425265146e+16], [1.1164192827078701e+22, 7.031191425265146e+16], [1.1652176261450773e+22, 7.031191425265146e+16], [1.18366481266225e+22, 7.031191425265146e+16], [1.1652176261450773e+22, 7.031191425265146e+16], [1.1652176261450773e+22, 1.0063280722827385e+19], [1.1652176261450773e+22, 7.031191425265146e+16], [1.1652176261450773e+22, 3.887286350610658e+18], [1.1652176261450773e+22, 1.9787991324316547e+18], [1.1652176261450773e+22, 7.992891645022943e+17], [1.1652176261450773e+22, 1.0429272503390344e+17], [1.1652176261450773e+22, 3.92775503100535e+16], [1.1652176261450773e+22, 6.039279562113296e+16], [1.1652176261450773e+22, 8.329142900581085e+16], [1.1652176261450773e+22, 7.526964773087763e+16], [1.1652176261450773e+22, 6.6523148073853736e+16], [1.1652176261450773e+22, 7.220559993417062e+16], [1.1652176261450773e+22, 6.886473434777679e+16], [1.1652176261450773e+22, 7.014792871567431e+16], [1.1652176261450773e+22, 6.995126118581181e+16], [1.1652176261450773e+22, 6.9536244863371384e+16], [1.1652176261450773e+22, 6.979273905652555e+16], [1.3496894913168022e+22, 6.959060811897216e+16], [1.1652176261450773e+22, 6.995126118581181e+16], [1.1886958635305696e+22, 6.990535988639586e+16], [1.141739388759585e+22, 6.999716248522776e+16], [1.1652176261450773e+22, 6.995126118581181e+16], [1.1741855148303968e+22, 6.9933728449562696e+16], [1.1562497374597578e+22, 6.996879392206092e+16], [1.164775999085074e+22, 6.99521245920198e+16], [1.1624908669384105e+22, 6.995659215630697e+16], [1.1639031562738336e+22, 6.995383104973058e+16], [1.1644426027980162e+22, 6.995277640086495e+16], [1.1649446856116436e+22, 6.995179480019445e+16], [1.164648653035141e+22, 6.995237356084448e+16], [1.1648404316047794e+22, 6.995199862275173e+16], [1.1647273572223326e+22, 6.995221968964869e+16], [1.164775999085074e+22, 6.99521245920198e+16], [1.1882983991765667e+22, 6.990613695198305e+16], [1.1412535989935813e+22, 6.999811223205655e+16], [1.164775999085074e+22, 6.99521245920198e+16], [1.1737607564230505e+22, 6.993455887658815e+16], [1.1557912417470975e+22, 6.996969030745145e+16], [1.161408703644543e+22, 6.995870784755555e+16], [1.168207871007511e+22, 6.9945415085761624e+16], [1.164058490398818e+22, 6.995352736261542e+16], [1.1660868575144085e+22, 6.9949561788676904e+16], [1.1652767024506405e+22, 6.99511456882493e+16], [1.1657458625185006e+22, 6.995022845343327e+16], [1.1650854507832756e+22, 6.995151959621791e+16], [1.165455905650399e+22, 6.995079533572524e+16], [1.1652036508141121e+22, 6.995128850838464e+16], [1.1653451519820554e+22, 6.995101186549315e+16], [1.1652767024506405e+22, 6.99511456882493e+16], [1.1652767024506405e+22, 1.0062956031119423e+19], [1.1652767024506405e+22, 6.99511456882493e+16], [1.1652767024506405e+22, 3.8869393621792087e+18], [1.1652767024506405e+22, 1.9784452539337293e+18], [1.1652767024506405e+22, 7.989310277091016e+17], [1.1652767024506405e+22, 1.034711286036096e+17], [1.1652767024506405e+22, 3.891666970464389e+16], [1.1652767024506405e+22, 6.947847030405966e+16], [1.1652767024506405e+22, 8.275463985960115e+16], [1.1652767024506405e+22, 7.407304010219318e+16], [1.1652767024506405e+22, 7.163509541188275e+16], [1.1652767024506405e+22, 7.059435724733129e+16], [1.1652767024506405e+22, 7.0097375139946104e+16], [1.1652767024506405e+22, 6.977059975713427e+16], [1.1652767024506405e+22, 6.988218327909386e+16], [1.1652767024506405e+22, 7.000700036864122e+16], [1.1652767024506405e+22, 6.992480439189799e+16], [1.165777405816207e+22, 6.995016678447879e+16]],