{"P": [[6e+20, 6e+17], [1.8990480505750988e+21, 6e+17], [1.8990480505750988e+21, 1.808539346044092e+19], [2.790152765011838e+21, 1.808539346044092e+19], [2.790152765011838e+21, 1.8273222868816937e+19]], "fun": [207.9292287718859, 86.97623165574969, 8.36896004958902, 7.802483482365703, 7.774959653712022], "brackets": [[[1.8990480505750988e+21, 6e+17], [2.839048050575099e+21, 6e+17], [3.779048050575099e+21, 6e+17]], [[1.8990480505750988e+21, -8.185460653955908e+19], [1.8990480505750988e+21, 1.808539346044092e+19], [1.8990480505750988e+21, 1.1802539346044092e+20]], [[2.790152765011838e+21, 1.808539346044092e+19], [3.600247959954328e+21, 1.808539346044092e+19], [4.410343154896818e+21, 1.808539346044092e+19]], [[2.790152765011838e+21, -7.991823778513897e+19], [2.790152765011838e+21, 1.8273222868816937e+19], [2.790152765011838e+21, 1.1646468352277284e+20]]], "allP": [[6e+20, 6e+17], [6e+20, 6e+17], [1.54e+21, 6e+17], [2.48e+21, 6e+17], [1.54e+21, 6e+17], [1.1809519494249012e+21, 6e+17], [1.8990480505750988e+21, 6e+17], [2.0289528556326088e+21, 6e+17], [1.7691432455175888e+21, 6e+17], [1.8990480505750988e+21, 6e+17], [1.8990480505750988e+21, 1.0054e+20], [1.8990480505750988e+21, -9.934e+19], [1.8990480505750988e+21, 6e+17], [1.8990480505750988e+21, 3.8773683164335505e+19], [1.8990480505750988e+21, 6.236631683566449e+19], [1.8990480505750988e+21, 3.0498273705073983e+19], [1.8990480505750988e+21, 2.334695027498146e+19], [1.8990480505750988e+21, 2.1072255247483314e+19], [1.8990480505750988e+21, 1.3252549569308078e+19], [1.8990480505750988e+21, 1.808539346044092e+19], [1.8990480505750988e+21, 1.6336854114396828e+19], [3.1980961011501975e+21, 3.557078692088184e+19], [1.8990480505750988e+21, 1.808539346044092e+19], [2.709143245517589e+21, 1.808539346044092e+19], [3.519238440460079e+21, 1.808539346044092e+19], [2.709143245517589e+21, 1.808539346044092e+19], [2.3997144151725294e+21, 1.808539346044092e+19], [3.018572075862648e+21, 1.808539346044092e+19], [2.62813372602334e+21, 1.808539346044092e+19], [2.790152765011838e+21, 1.808539346044092e+19], [2.8792632364555116e+21, 1.808539346044092e+19], [2.790152765011838e+21, 1.808539346044092e+19], [2.790152765011838e+21, 1.1627685411439683e+20], [2.790152765011838e+21, -8.010606719351498e+19], [2.790152765011838e+21, 1.808539346044092e+19], [2.790152765011838e+21, 5.559119402525409e+19], [2.790152765011838e+21, -1.9420407104372257e+19], [2.790152765011838e+21, 3.683829374284751e+19], [2.790152765011838e+21, 3.759452419957293e+18], [2.790152765011838e+21, 1.660140711584487e+19], [2.790152765011838e+21, 1.8197009633678735e+19], [2.790152765011838e+21, 2.53173465694379e+19], [2.790152765011838e+21, 1.925819501390353e+19], [2.790152765011838e+21, 1.860234638056013e+19], [2.790152765011838e+21, 1.8351834494098115e+19], [2.790152765011838e+21, 1.825614746805548e+19], [2.790152765011838e+21, 1.829269665972137e+19], [2.790152765011838e+21, 1.8233558825344627e+19], [2.790152765011838e+21, 1.8273222868816937e+19], [3.6812574794485774e+21, 1.8461052277192954e+19]], "allFun": [207.9292287718859, 207.9292287718859, 92.70384374627136, 1e+30, 92.70384374627136, 105.36819943632396, 86.97623165574969, 1e+30, 89.10213832850874, 86.97623165574969, 100.91808342874668, 1e+30, 86.97623165574969, 41.35093617321624, 93.70128139441428, 10.84434439346968, 10.167089545719906, 8.8053721134839, 11.493828426750772, 8.36896004958902, 9.057237265638735, 92.7091680819686, 8.36896004958902, 7.92074542907816, 27.36102468070658, 7.92074542907816, 10.577730023357942, 11.228682209207825, 8.111718761526802, 7.802483482365703, 11.38380219176457, 7.802483482365703, 124.62905632360295, 1e+30, 7.802483482365703, 100.82742520822283, 1e+30, 85.19729609129364, 38.718956737346176, 8.178275481291854, 7.785995285521783, 41.66567129261151, 11.286354996457176, 11.369349756346631, 11.403716015860587, 7.777411979739641, 11.412099545960379, 7.780665477896025, 7.774959653712022, 41.64896240036202], "nFunEval": [1, 9, 21, 31, 49], "nSim": [1, 9, 20, 30, 46], "nExcept": [0, 2, 2, 2, 2], "parameters": {"nD2": {"val": 6e+20, "min": 1e+17, "max": 1e+22}, "nNe": {"val": 6e+17, "min": 1000000000000000.0, "max": 1e+21}}, "settings": {"maximize": false, "ftol": 0.1, "xtol": 0.1, "maxIter": 20, "out": "transportDataNew/log_dBB20e-4", "linemin": 1, "powellType": 2, "obFun": "heatLossObjective"}}