{"P": [[6e+20, 6e+17], [2.668e+21, 6e+17], [2.668e+21, 2.419263367132899e+19], [2.7129458191474785e+21, 2.419263367132899e+19], [2.7129458191474785e+21, 2.4197852450637816e+19]], "fun": [242.6346206237355, 125.91641866569444, 55.77632953638182, 55.20546022937735, 55.19756711444646], "brackets": [[[3.608e+21, 6e+17], [4.548e+21, 6e+17], [6.428e+21, 6e+17]], [[2.668e+21, 2.419263367132899e+19], [2.668e+21, 1.2413263367132899e+20], [2.668e+21, 2.24072633671329e+20]], [[1.9797458191474785e+21, 2.419263367132899e+19], [2.7129458191474785e+21, 2.419263367132899e+19], [3.4461458191474785e+21, 2.419263367132899e+19]], [[2.7129458191474785e+21, -7.338288418222928e+19], [2.7129458191474785e+21, 2.4197852450637816e+19], [2.7129458191474785e+21, 1.217785890835049e+20]]], "allP": [[6e+20, 6e+17], [6e+20, 6e+17], [1.54e+21, 6e+17], [2.48e+21, 6e+17], [4.36e+21, 6e+17], [2.48e+21, 6e+17], [3.1980961011501975e+21, 6e+17], [2.1209519494249012e+21, 6e+17], [2.668e+21, 6e+17], [2.8748e+21, 6e+17], [2.668e+21, 6e+17], [2.668e+21, 1.0054e+20], [2.668e+21, 2.0048e+20], [2.668e+21, 1.0054e+20], [2.668e+21, 6.2366316835664495e+19], [2.668e+21, 3.877368316433551e+19], [2.668e+21, 2.419263367132899e+19], [2.668e+21, 1.5181049493006533e+19], [2.668e+21, 2.02864602543569e+19], [2.668e+21, 2.9762098986013057e+19], [2.668e+21, 2.6551897038461886e+19], [4.736e+21, 4.778526734265798e+19], [2.668e+21, 2.419263367132899e+19], [3.4012e+21, 2.419263367132899e+19], [1.9348e+21, 2.419263367132899e+19], [2.668e+21, 2.419263367132899e+19], [2.948057479448577e+21, 2.419263367132899e+19], [2.387942520551423e+21, 2.419263367132899e+19], [2.608986873959387e+21, 2.419263367132899e+19], [2.7749724383457313e+21, 2.419263367132899e+19], [2.708859835588617e+21, 2.419263367132899e+19], [2.7341126027571144e+21, 2.419263367132899e+19], [2.693252767168498e+21, 2.419263367132899e+19], [2.7185055343369954e+21, 2.419263367132899e+19], [2.7028984659168765e+21, 2.419263367132899e+19], [2.7129458191474785e+21, 2.419263367132899e+19], [2.7129458191474785e+21, 2.419263367132899e+19], [2.7129458191474785e+21, 1.2177337030419608e+20], [2.7129458191474785e+21, -7.3388102961538105e+19], [2.7129458191474785e+21, 2.419263367132899e+19], [2.7129458191474785e+21, 6.146515841783225e+19], [2.7129458191474785e+21, -1.3079891075174269e+19], [2.7129458191474785e+21, 4.282889604458062e+19], [2.7129458191474785e+21, 9.955796064686305e+18], [2.7129458191474785e+21, 2.1815625177711673e+19], [2.7129458191474785e+21, 3.131105247465033e+19], [2.7129458191474785e+21, 2.691162770804139e+19], [2.7129458191474785e+21, 2.380812424867229e+19], [2.7129458191474785e+21, 2.5231196978144846e+19], [2.7129458191474785e+21, 2.458932955506416e+19], [2.7129458191474785e+21, 2.434415801571865e+19], [2.7129458191474785e+21, 2.4045764140868727e+19], [2.7129458191474785e+21, 2.4250510820762796e+19], [2.7129458191474785e+21, 2.4136534502604906e+19], [2.7129458191474785e+21, 2.4214740775240745e+19], [2.7129458191474785e+21, 2.4171205695617004e+19], [2.7129458191474785e+21, 2.4201077833630454e+19], [2.7129458191474785e+21, 2.418444891291712e+19], [2.7129458191474785e+21, 2.4195859054321627e+19], [2.7129458191474785e+21, 2.4197852450637816e+19], [2.757891638294957e+21, 2.4203071229946642e+19]], "allFun": [242.6346206237355, 242.6346206237355, 139.44973802720116, 131.52570164206324, 1e+30, 131.52570164206324, 1e+30, 136.8041120041085, 125.91641866569444, 1e+30, 125.91641866569444, 119.40055274326238, 1e+30, 119.40055274326238, 110.16564541925223, 97.32036247084795, 55.77632953638182, 57.15134059549301, 62.39615694341451, 78.32650225567072, 65.92040388184581, 1e+30, 55.77632953638182, 91.26096771982765, 58.948514063336305, 55.77632953638182, 65.47894492591922, 59.72556572897512, 56.54521894456481, 67.93120362890723, 55.256878874115024, 68.4353279363918, 55.454233601246, 68.6305525335911, 55.332043892434356, 55.20546022937735, 55.20546022937735, 109.09958714691531, 1e+30, 55.20546022937735, 110.21208885444388, 1e+30, 104.5732165528373, 70.49520484538814, 59.00949235145656, 92.3674566437074, 64.6442546841358, 55.78768436640812, 67.18759170145746, 68.11231231027134, 68.4742262144479, 55.42635867097535, 68.61384107219871, 55.28962218562165, 68.66727944727617, 55.23757954553217, 68.68773334907326, 55.21772963072462, 55.200551576616306, 55.19756711444646, 68.12503676398373], "nFunEval": [1, 10, 21, 36, 60], "nSim": [1, 10, 21, 36, 58], "nExcept": [0, 3, 4, 5, 5], "parameters": {"nD2": {"val": 6e+20, "min": 1e+17, "max": 1e+22}, "nNe": {"val": 6e+17, "min": 1000000000000000.0, "max": 1e+21}}, "settings": {"maximize": false, "ftol": 0.1, "xtol": 0.1, "maxIter": 20, "out": "transportDataNew/log_dBB50e-4", "linemin": 1, "powellType": 2, "obFun": "heatLossObjective"}}