{"P": [[6e+20, 6e+17], [2.2012375342523715e+21, 6e+17], [2.2012375342523715e+21, 1.971749157096077e+19], [2.3584809588548423e+21, 1.971749157096077e+19], [2.3584809588548423e+21, 1.979414877783259e+19]], "fun": [218.82211331860663, 99.48729548909436, 20.494661410256718, 19.268473466973276, 19.193381533308507], "brackets": [[[2.2012375342523715e+21, 6e+17], [3.141237534252372e+21, 6e+17], [4.081237534252372e+21, 6e+17]], [[2.2012375342523715e+21, -8.022250842903924e+19], [2.2012375342523715e+21, 1.971749157096077e+19], [2.2012375342523715e+21, 1.1965749157096076e+20]], [[1.5786047122800795e+21, 1.971749157096077e+19], [2.3584809588548423e+21, 1.971749157096077e+19], [3.1383572054296054e+21, 1.971749157096077e+19]], [[2.3584809588548423e+21, -7.823410206507133e+19], [2.3584809588548423e+21, 1.979414877783259e+19], [2.3584809588548423e+21, 1.1782239962073652e+20]]], "allP": [[6e+20, 6e+17], [6e+20, 6e+17], [1.54e+21, 6e+17], [2.48e+21, 6e+17], [1.54e+21, 6e+17], [1.1809519494249012e+21, 6e+17], [1.8990480505750988e+21, 6e+17], [2.0289528556326088e+21, 6e+17], [2.2012375342523715e+21, 6e+17], [2.2012375342523715e+21, 6e+17], [2.2012375342523715e+21, 1.0054e+20], [2.2012375342523715e+21, -9.934e+19], [2.2012375342523715e+21, 6e+17], [2.2012375342523715e+21, 3.8773683164335505e+19], [2.2012375342523715e+21, 6.236631683566449e+19], [2.2012375342523715e+21, 3.153275114145414e+19], [2.2012375342523715e+21, 1.971749157096077e+19], [2.2012375342523715e+21, 2.2795837274999378e+19], [2.2012375342523715e+21, 1.7805742413864692e+19], [3.802475068504743e+21, 3.883498314192154e+19], [2.2012375342523715e+21, 1.971749157096077e+19], [2.9811137808271346e+21, 1.971749157096077e+19], [1.4213612876776087e+21, 1.971749157096077e+19], [2.2012375342523715e+21, 1.971749157096077e+19], [2.499123753425237e+21, 1.971749157096077e+19], [1.903351315079506e+21, 1.971749157096077e+19], [2.1592908679106713e+21, 1.971749157096077e+19], [2.3150199451962056e+21, 1.971749157096077e+19], [2.385341342481403e+21, 1.971749157096077e+19], [2.271558931537569e+21, 1.971749157096077e+19], [2.3418803288227664e+21, 1.971749157096077e+19], [2.3584809588548423e+21, 1.971749157096077e+19], [2.3584809588548423e+21, 1.971749157096077e+19], [2.3584809588548423e+21, 1.177457424138647e+20], [2.3584809588548423e+21, -7.831075927194314e+19], [2.3584809588548423e+21, 1.971749157096077e+19], [2.3584809588548423e+21, 5.716095153524953e+19], [2.3584809588548423e+21, -1.7725968393327993e+19], [2.3584809588548423e+21, 3.843922155310515e+19], [2.3584809588548423e+21, 5.415362520998388e+18], [2.3584809588548423e+21, 2.096799862911445e+19], [2.3584809588548423e+21, 1.7580362288031275e+19], [2.3584809588548423e+21, 1.8901180823234392e+19], [2.3584809588548423e+21, 2.0195142764003836e+19], [2.3584809588548423e+21, 1.9405688610711134e+19], [2.3584809588548423e+21, 1.989993809193628e+19], [2.3584809588548423e+21, 1.959839343793824e+19], [2.3584809588548423e+21, 1.9787179940844245e+19], [2.3584809588548423e+21, 1.983024972205281e+19], [2.3584809588548423e+21, 1.9760561352169333e+19], [2.3584809588548423e+21, 1.9803631133377892e+19], [2.3584809588548423e+21, 1.977701254470298e+19], [2.3584809588548423e+21, 1.979414877783259e+19], [2.5157243834573133e+21, 1.9870805984704414e+19]], "allFun": [218.82211331860663, 218.82211331860663, 108.54253848620085, 1e+30, 108.54253848620085, 115.50238478824204, 104.37757581275885, 102.34249485751906, 99.48729548909436, 99.48729548909436, 112.91403489900252, 1e+30, 99.48729548909436, 58.53494378203679, 99.20988937145543, 30.84094926431449, 20.494661410256718, 20.91429264139064, 21.10828990452935, 102.18756458761118, 20.494661410256718, 32.05814339958445, 51.570263231943095, 20.494661410256718, 21.496469032855728, 21.05618887767808, 20.842167055092723, 19.58250786206154, 22.33138375711588, 19.905875567025934, 19.38720835858978, 19.268473466973276, 19.268473466973276, 140.65137279995886, 1e+30, 19.268473466973276, 99.21650012745233, 1e+30, 74.65737254883894, 63.101146817599805, 21.37996117030434, 19.949433281407753, 20.105195704713985, 22.065564676689416, 19.578904691787447, 22.344437368741005, 19.385733412932073, 19.200145844292955, 22.411624998541498, 19.226034678799607, 22.43738857989372, 19.210027379347967, 19.193381533308507, 21.253794296655652], "nFunEval": [1, 9, 19, 32, 53], "nSim": [1, 9, 18, 31, 50], "nExcept": [0, 1, 1, 1, 1], "parameters": {"nD2": {"val": 6e+20, "min": 1e+17, "max": 1e+22}, "nNe": {"val": 6e+17, "min": 1000000000000000.0, "max": 1e+21}}, "settings": {"maximize": false, "ftol": 0.1, "xtol": 0.1, "maxIter": 20, "out": "transportDataNew/log_dBB30e-4", "linemin": 1, "powellType": 2, "obFun": "heatLossObjective"}}