{"P": [[6e+20, 6e+17], [2.48e+21, 6e+17], [2.48e+21, 1.8798157072502993e+19], [2.609818661202913e+21, 1.8798157072502993e+19], [2.609818661202913e+21, 1.886222240509829e+19]], "fun": [230.4245906085079, 112.20108656556911, 37.556405248967295, 35.85597653124329, 35.74680319313624], "brackets": [[[3.42e+21, 6e+17], [4.36e+21, 6e+17], [6.24e+21, 6e+17]], [[2.48e+21, -8.1141842927497e+19], [2.48e+21, 1.8798157072502993e+19], [2.48e+21, 1.18738157072503e+20]], [[1.857818661202913e+21, 1.8798157072502993e+19], [2.609818661202913e+21, 1.8798157072502993e+19], [3.361818661202913e+21, 1.8798157072502993e+19]], [[2.609818661202913e+21, -7.925796188765141e+19], [2.609818661202913e+21, 1.886222240509829e+19], [2.609818661202913e+21, 1.16982406697848e+20]]], "allP": [[6e+20, 6e+17], [6e+20, 6e+17], [1.54e+21, 6e+17], [2.48e+21, 6e+17], [4.36e+21, 6e+17], [2.48e+21, 6e+17], [3.1980961011501975e+21, 6e+17], [2.1209519494249012e+21, 6e+17], [2.668e+21, 6e+17], [2.48e+21, 6e+17], [2.48e+21, 1.0054e+20], [2.48e+21, -9.934e+19], [2.48e+21, 6e+17], [2.48e+21, 3.8773683164335505e+19], [2.48e+21, 6.236631683566449e+19], [2.48e+21, 3.331692963991014e+19], [2.48e+21, 2.0820174525003325e+19], [2.48e+21, 1.3096755114906817e+19], [2.48e+21, 1.8798157072502993e+19], [2.48e+21, 1.6978341365252694e+19], [4.36e+21, 3.6996314145005986e+19], [2.48e+21, 1.8798157072502993e+19], [3.232e+21, 1.8798157072502993e+19], [1.728e+21, 1.8798157072502993e+19], [2.48e+21, 1.8798157072502993e+19], [2.767238440460079e+21, 1.8798157072502993e+19], [2.192761559539921e+21, 1.8798157072502993e+19], [2.5161388264177475e+21, 1.8798157072502993e+19], [2.582928152604885e+21, 1.8798157072502993e+19], [2.6533284180892923e+21, 1.8798157072502993e+19], [2.609818661202913e+21, 1.8798157072502993e+19], [2.626437909491265e+21, 1.8798157072502993e+19], [2.5968367950826213e+21, 1.8798157072502993e+19], [2.609818661202913e+21, 1.8798157072502993e+19], [2.609818661202913e+21, 1.169183413652527e+20], [2.609818661202913e+21, -7.932202722024671e+19], [2.609818661202913e+21, 1.8798157072502993e+19], [2.609818661202913e+21, 5.627673248992982e+19], [2.609818661202913e+21, -1.868041834492383e+19], [2.609818661202913e+21, 3.75374447812164e+19], [2.609818661202913e+21, 4.4826151129722266e+18], [2.609818661202913e+21, 2.106958890046477e+19], [2.609818661202913e+21, 1.5112427135250719e+19], [2.609818661202913e+21, 1.8451737830889075e+19], [2.609818661202913e+21, 1.9508652498487673e+19], [2.609818661202913e+21, 1.9069542176377807e+19], [2.609818661202913e+21, 1.8665836696563438e+19], [2.609818661202913e+21, 1.890181695814275e+19], [2.609818661202913e+21, 1.8747615186298245e+19], [2.609818661202913e+21, 1.8837751625547452e+19], [2.609818661202913e+21, 1.886222240509829e+19], [2.609818661202913e+21, 1.887734617859191e+19], [2.609818661202913e+21, 1.8852875399041077e+19], [2.609818661202913e+21, 1.886862893835782e+19], [2.739637322405826e+21, 1.892628773769359e+19]], "allFun": [230.4245906085079, 230.4245906085079, 123.95813306192956, 112.20108656556911, 1e+30, 112.20108656556911, 1e+30, 119.68443458576924, 1e+30, 112.20108656556911, 124.8195619175425, 1e+30, 112.20108656556911, 78.20588997911602, 104.80074630720806, 65.2724363325455, 39.57910889292674, 48.65638638510763, 37.556405248967295, 38.30484515889546, 1e+30, 37.556405248967295, 57.11675049681838, 60.18907072244274, 37.556405248967295, 39.466444768659244, 40.750894596294515, 37.05525110105839, 36.18776544167968, 40.868278692423246, 35.85597653124329, 41.187456863907165, 36.01511114919575, 35.85597653124329, 113.35261905319709, 1e+30, 35.85597653124329, 105.14615423925648, 1e+30, 78.26574501596386, 78.89343592060538, 37.75443242794764, 38.96624213467176, 36.457698635738495, 40.09350094192112, 40.93043506812244, 36.083504248356775, 41.21218238833488, 35.94254341496924, 35.78839492825843, 35.74680319313624, 41.25364457189676, 35.762679711663736, 41.26843499327883, 39.56162919479823], "nFunEval": [1, 9, 20, 33, 54], "nSim": [1, 9, 19, 32, 51], "nExcept": [0, 3, 3, 4, 4], "parameters": {"nD2": {"val": 6e+20, "min": 1e+17, "max": 1e+22}, "nNe": {"val": 6e+17, "min": 1000000000000000.0, "max": 1e+21}}, "settings": {"maximize": false, "ftol": 0.1, "xtol": 0.1, "maxIter": 20, "out": "transportDataNew/log_dBB40e-4", "linemin": 1, "powellType": 2, "obFun": "heatLossObjective"}}