{"P": [[6e+20, 6e+17], [2.2012375342523715e+21, 6e+17], [2.2012375342523715e+21, 1.971749157096077e+19], [2.3584809588548423e+21, 1.971749157096077e+19], [2.3584809588548423e+21, 1.979414877783259e+19]], "fun": [218.82211331860663, 99.48729548909436, 20.494661410256718, 19.268473466973276, 19.193381533308507], "brackets": [[[2.2012375342523715e+21, 6e+17], [3.141237534252372e+21, 6e+17], [4.081237534252372e+21, 6e+17]], [[2.2012375342523715e+21, -8.022250842903924e+19], [2.2012375342523715e+21, 1.971749157096077e+19], [2.2012375342523715e+21, 1.1965749157096076e+20]], [[1.5786047122800795e+21, 1.971749157096077e+19], [2.3584809588548423e+21, 1.971749157096077e+19], [3.1383572054296054e+21, 1.971749157096077e+19]], [[2.3584809588548423e+21, -7.823410206507133e+19], [2.3584809588548423e+21, 1.979414877783259e+19], [2.3584809588548423e+21, 1.1782239962073652e+20]]], "nFunEval": [1, 9, 19, 32, 53], "nSim": [1, 9, 18, 31, 50], "nExcept": [0, 1, 1, 1, 1], "parameters": {"nD2": {"val": 6e+20, "min": 1e+17, "max": 1e+22}, "nNe": {"val": 6e+17, "min": 1000000000000000.0, "max": 1e+21}}, "settings": {"maximize": false, "ftol": 0.1, "xtol": 0.1, "maxIter": 20, "out": "dataNew/log_dBB30e-4", "linemin": 1, "powellType": 2, "obFun": "heatLossObjective"}}