{"P": [[6e+20, 5e+18], [3.9460942887347825e+21, 5e+18], [3.9460942887347825e+21, 1.1248137796420776e+19], [3.401242774720913e+21, 1.1248137796420776e+19], [3.401242774720913e+21, 1.2569960328631173e+19]], "fun": [108.75905318668534, 72.77789249162188, 58.362125803335694, 56.81242764408427, 55.874478760040255], "brackets": [[[4.886094288734782e+21, 5e+18], [5.826094288734782e+21, 5e+18], [7.706094288734782e+21, 5e+18]], [[3.9460942887347825e+21, -8.825186220357922e+19], [3.9460942887347825e+21, 1.1248137796420776e+19], [3.9460942887347825e+21, 1.1074813779642078e+20]], [[1.5850710613413478e+21, 1.1248137796420776e+19], [2.795852203594391e+21, 1.1248137796420776e+19], [3.401242774720913e+21, 1.1248137796420776e+19]], [[3.401242774720913e+21, -8.630522589172675e+19], [3.401242774720913e+21, 1.2569960328631173e+19], [3.401242774720913e+21, 1.114451465489891e+20]]], "nFunEval": [1, 9, 21, 32, 46], "nSim": [1, 9, 18, 29, 40], "nExcept": [0, 1, 2, 4, 5], "parameters": {"nD2": {"val": 6e+20, "min": 1e+17, "max": 1e+22}, "nNe": {"val": 5e+18, "min": 1000000000000000.0, "max": 1e+21}}, "settings": {"maximize": false, "ftol": 0.1, "xtol": 0.1, "maxIter": 20, "out": "dataNew/log_dBB50e-4", "linemin": 1, "powellType": 2, "obFun": "heatLossObjective"}}