{"P": [[6e+20, 6e+17], [1.8990480505750988e+21, 6e+17], [1.8990480505750988e+21, 1.808539346044092e+19], [2.790152765011838e+21, 1.808539346044092e+19], [2.790152765011838e+21, 1.8273222868816937e+19]], "fun": [207.9292287718859, 86.97623165574969, 8.36896004958902, 7.802483482365703, 7.774959653712022], "brackets": [[[1.8990480505750988e+21, 6e+17], [2.839048050575099e+21, 6e+17], [3.779048050575099e+21, 6e+17]], [[1.8990480505750988e+21, -8.185460653955908e+19], [1.8990480505750988e+21, 1.808539346044092e+19], [1.8990480505750988e+21, 1.1802539346044092e+20]], [[2.790152765011838e+21, 1.808539346044092e+19], [3.600247959954328e+21, 1.808539346044092e+19], [4.410343154896818e+21, 1.808539346044092e+19]], [[2.790152765011838e+21, -7.991823778513897e+19], [2.790152765011838e+21, 1.8273222868816937e+19], [2.790152765011838e+21, 1.1646468352277284e+20]]], "nFunEval": [1, 9, 21, 31, 49], "nSim": [1, 9, 20, 30, 46], "nExcept": [0, 2, 2, 2, 2], "parameters": {"nD2": {"val": 6e+20, "min": 1e+17, "max": 1e+22}, "nNe": {"val": 6e+17, "min": 1000000000000000.0, "max": 1e+21}}, "settings": {"maximize": false, "ftol": 0.1, "xtol": 0.1, "maxIter": 20, "out": "dataNew/log_20e-4_new", "linemin": 1, "powellType": 2, "obFun": "heatLossObjective"}}