{"P": [[6e+20, 6e+17], [2.48e+21, 6e+17], [2.48e+21, 1.8798157072502993e+19], [2.609818661202913e+21, 1.8798157072502993e+19], [2.609818661202913e+21, 1.886222240509829e+19]], "fun": [230.4245906085079, 112.20108656556911, 37.556405248967295, 35.85597653124329, 35.74680319313624], "brackets": [[[3.42e+21, 6e+17], [4.36e+21, 6e+17], [6.24e+21, 6e+17]], [[2.48e+21, -8.1141842927497e+19], [2.48e+21, 1.8798157072502993e+19], [2.48e+21, 1.18738157072503e+20]], [[1.857818661202913e+21, 1.8798157072502993e+19], [2.609818661202913e+21, 1.8798157072502993e+19], [3.361818661202913e+21, 1.8798157072502993e+19]], [[2.609818661202913e+21, -7.925796188765141e+19], [2.609818661202913e+21, 1.886222240509829e+19], [2.609818661202913e+21, 1.16982406697848e+20]]], "nFunEval": [1, 9, 20, 33, 54], "nSim": [1, 9, 19, 32, 51], "nExcept": [0, 3, 3, 4, 4], "parameters": {"nD2": {"val": 6e+20, "min": 1e+17, "max": 1e+22}, "nNe": {"val": 6e+17, "min": 1000000000000000.0, "max": 1e+21}}, "settings": {"maximize": false, "ftol": 0.1, "xtol": 0.1, "maxIter": 20, "out": "dataNew/log_dBB40e-4", "linemin": 1, "powellType": 2, "obFun": "heatLossObjective"}}